plano,capitulo,palabras,imagen,visual,texto,movimiento,fuente,licencia,atribucion,url
00-01,0,84,00-01.jpg,"REAL: ESO panoramic photograph of the Milky Way arching over the Paranal Observatory at night, the bright central bulge toward Sagittarius above the telescope domes (ESO)","Hola. Ponte cómodo. Esta noche vamos a acercarnos a uno de los objetos más extraños del universo. Un lugar donde el espacio y el tiempo se comportan de una forma que no se parece a nada de lo que conocemos. Un agujero negro. Puede parecer un tema inquietante para escuchar de noche. No lo es. Los agujeros negros están muy lejos, y casi todo lo que hacen ocurre despacio. Vamos a mirarlos con curiosidad, sin prisa, como quien mira el mar desde la orilla.",,,,,
00-02,0,96,00-02.jpg,"IA: A small rounded spacecraft with one large circular window floating quietly above a dark night-time Earth, a padded seat with a folded blanket visible through the glass, distant stars all around.","Para hacerlo vamos a usar una nave imaginaria. Una nave silenciosa, con una ventana grande, que puede viajar tan deprisa como queramos y que nunca corre peligro. Tú solo tienes que mirar por la ventana. No hace falta que recuerdes ninguna cifra. Si en algún momento te quedas dormido, la nave seguirá su camino sola, y te dejará de nuevo en casa. Todo lo que vas a escuchar está sacado de fuentes que encontrarás en la descripción. Respira hondo. Suelta el aire despacio. Empezamos en casa, junto a una ventana, con algo pequeño en la mano.",,,,,
01-01,1,75,01-01.jpg,"IA: A hand resting on an open windowsill at night, palm up, holding a small clear glass marble about two centimetres wide, a quiet street and a few stars visible beyond the window frame.","Imagina que es de noche y estás junto a una ventana abierta. Fuera hace fresco, el cielo está despejado y se ven algunas estrellas. En la palma de la mano tienes una canica. Una bolita de cristal de algo menos de dos centímetros. La haces rodar un poco con el dedo. No pesa casi nada. Ahora vamos a hacer un experimento que solo se puede hacer con la imaginación. Imagina que tomamos la Tierra entera.",,,,,
01-02,1,87,01-02.jpg,REAL: Full-disk 'Blue Marble' photograph of the sunlit Earth taken by the EPIC camera on the DSCOVR spacecraft from about 1.5 million km (NASA/NOAA),"Sus montañas, sus océanos, el hierro de su núcleo, el aire, las ciudades, los bosques. Todo. Y que la apretamos, con una fuerza que no existe en ningún taller ni en ninguna fábrica, hasta dejarla del tamaño de esa canica. Toda la masa de la Tierra, comprimida en una bola de unos dieciocho milímetros de diámetro. Si pudiéramos hacerlo, esa canica sería un agujero negro. Si escuchaste el episodio anterior, quizá recuerdes que, en nuestra maqueta del sistema solar, la Tierra era un garbanzo de nueve milímetros.",,,,,
01-03,1,77,01-03.jpg,"IA: Two chickpeas lying in a row on a wooden table beside a glass marble of the same total length, a small ruler underneath showing about two centimetres, warm lamplight from one side.","Pues bien: para convertir la Tierra de verdad en un agujero negro, habría que dejarla más o menos del tamaño de dos de aquellos garbanzos puestos en fila. Todo el planeta, en la palma de tu mano. Con el Sol pasaría lo mismo, a otra escala. El Sol mide casi un millón cuatrocientos mil kilómetros de lado a lado. Para convertirlo en un agujero negro habría que comprimirlo hasta una esfera de unos seis kilómetros de diámetro.",,,,,
01-04,1,87,01-04.jpg,"IA: A perfectly black sphere about six kilometres wide placed beside a small town seen from high above, its rooftops, roads and fields around it for scale, the sphere casting no reflection.","Lo que mide un pueblo, o un barrio grande. Ese tamaño límite tiene un nombre. Se llama radio de Schwarzschild, por el astrónomo que lo calculó por primera vez, hace algo más de cien años, en unas circunstancias muy difíciles que te contaré más adelante. La idea es sencilla. Cualquier cosa, una piedra, un planeta, una estrella, tiene un tamaño crítico que depende solo de su masa. Si la comprimes por debajo de ese tamaño, su gravedad se vuelve tan intensa que nada puede escapar de ella.",,,,,
01-05,1,77,01-05.jpg,"IA: A black sphere hanging in empty space against a field of faint stars, no light leaving its surface, the stars just behind its edge slightly smeared and stretched into short arcs.","Ni siquiera la luz. Y si la luz no puede salir, no vemos nada. Solo oscuridad. Por eso los llamamos negros. Pero ni la Tierra ni el Sol se van a convertir en agujeros negros. No hay nada a su alrededor que pueda comprimirlos así. Para formar un agujero negro hace falta algo mucho más grande: una estrella enorme, muchas veces más pesada que el Sol, que al final de su vida se hunde sobre sí misma.",,,,,
01-06,1,31,01-06.jpg,"IA: A glass marble left on a windowsill at night while, outside in a quiet garden, a small rounded spacecraft with a large round window waits with its door open and soft light inside.",Esta noche vamos a ir a ver uno de esos agujeros negros. El más cercano que conocemos. Deja la canica en el alféizar de la ventana. Y sube a la nave.,,,,,
02-01,2,70,02-01.jpg,"REAL: Astronaut photograph of the night side of Earth from the International Space Station, city lights below and a thin glowing band of atmosphere along the curved horizon (NASA)","La nave es pequeña y cómoda. Tiene un asiento mullido, una manta y una ventana grande, redonda, que da al cielo. Despega sin ruido. Sin sacudidas. Ves cómo tu casa se hace pequeña, cómo las luces de la ciudad se convierten en una mancha dorada y cómo, poco a poco, la Tierra entera aparece debajo, azul y blanca, curvándose en el horizonte. Para salir de la Tierra hace falta velocidad.",,,,,
02-02,2,80,02-02.jpg,REAL: Long-exposure photograph of a rocket launch at night leaving a bright curved arc across the sky above the launch pad (NASA),"Si lanzas una piedra hacia arriba, sube un poco, se frena y vuelve a caer. Si la lanzas más fuerte, sube más. Y si pudieras lanzarla a unos once kilómetros por segundo, ya no volvería nunca. Escaparía de la gravedad de la Tierra. Esa velocidad se llama velocidad de escape. Once kilómetros por segundo es mucho: más de treinta veces la velocidad del sonido. En la Luna, que pesa mucho menos, basta con unos dos kilómetros y medio por segundo.",,,,,
02-03,2,80,02-03.jpg,REAL: Solar Dynamics Observatory visible-light image of the Sun's full disk with a few sunspots (NASA/SDO/HMI),"En la superficie del Sol, en cambio, harían falta más de seiscientos. Y aquí empieza nuestra historia. Porque hace más de doscientos años, un hombre se hizo una pregunta muy sencilla: ¿y si hubiera una estrella tan grande que su velocidad de escape fuera mayor que la velocidad de la luz? Se llamaba John Michell. Era un clérigo inglés, párroco de un pueblo de Yorkshire, y en su tiempo libre era uno de los científicos más imaginativos de su época.",,,,,
02-04,2,80,02-04.jpg,"IA: An eighteenth-century parsonage desk by candlelight with a handwritten letter, a quill and inkwell, and a delicate wooden torsion balance with two small lead spheres hanging from a fine wire.","Y diseñó una balanza delicadísima, de torsión, que años después usaría su amigo Henry Cavendish para pesar la Tierra. En 1783, Michell escribió una carta a Cavendish, que se leyó ese mismo año en la Royal Society de Londres. En ella hacía un razonamiento muy bonito. En su época se pensaba que la luz estaba hecha de partículas diminutas. Y si la luz eran partículas, pensó Michell, la gravedad tendría que frenarlas, igual que frena una piedra lanzada hacia arriba.",,,,,
02-05,2,92,02-05.jpg,"IA: A huge dim star seen from far away, faint streams of light rising from its surface, slowing, curving back and falling onto it again, so the star looks almost completely dark.","Calculó entonces qué pasaría con una estrella igual de densa que el Sol, pero quinientas veces más ancha. Y llegó a una conclusión extraña: en una estrella así, la luz que saliera de su superficie se iría frenando y volvería a caer. Nunca llegaría hasta nosotros. Esa estrella existiría, tendría su masa, atraería a otras cosas. Pero sería invisible. Una estrella oscura. Michell propuso incluso una forma de encontrarlas: si una de esas estrellas oscuras tuviera una compañera brillante, podríamos ver a la compañera girando alrededor de algo que no se ve.",,,,,
02-06,2,76,02-06.jpg,"REAL: Title page of the first edition of Pierre-Simon Laplace's 'Exposition du système du monde', 1796 (public-domain scan, e.g. Gallica/BnF or Internet Archive)","Es casi exactamente lo que hacen hoy los astrónomos, como veremos esta noche. Unos años después, en 1796, el gran matemático francés Pierre-Simon Laplace llegó por su cuenta a una idea parecida y la incluyó en un libro sobre el sistema del mundo. Pero en ediciones posteriores la quitó. Y así, la idea de las estrellas oscuras quedó dormida durante más de un siglo. Le faltaba algo. Le faltaba entender de verdad qué es la gravedad.",,,,,
02-07,2,25,02-07.jpg,"REAL: Photograph of the Earth and the Moon together in black space taken from far away by the Galileo spacecraft, December 1992 (NASA/JPL)","Por la ventana, la Tierra ya es una esfera completa, pequeña, suspendida en la oscuridad. La nave gira suavemente y pone rumbo a las estrellas.",,,,,
03-01,3,74,03-01.jpg,"IA: An old blackboard in a quiet early twentieth-century study covered with handwritten equations of general relativity, a piece of chalk on the ledge and pale winter light from a tall window.","Mientras la nave avanza, te cuento lo que cambió. En noviembre de 1915, en Berlín, Albert Einstein presentó la versión final de una teoría en la que llevaba años trabajando. La llamó relatividad general. Y en ella la gravedad dejaba de ser una fuerza misteriosa que actúa a distancia, como había dicho Newton, y se convertía en otra cosa: una curvatura del espacio y del tiempo. Hay una imagen que ayuda, aunque sea imperfecta.",,,,,
03-02,3,80,03-02.jpg,"IA: A taut white bed sheet held at its four corners with a heavy ball sinking its centre, and a small glass marble rolling in a curved path around the dip.","Piensa en una sábana tensa, sujeta por los cuatro lados. Si pones en el centro una bola pesada, la sábana se hunde. Si luego echas a rodar una canica por la sábana, la canica no va en línea recta: se curva alrededor del hundimiento, y quizá acabe girando alrededor de la bola, como un planeta alrededor del Sol. Según Einstein, eso es la gravedad. La masa curva el espacio a su alrededor, y las cosas se mueven siguiendo esa curvatura.",,,,,
03-03,3,77,03-03.jpg,"REAL: Photographic plate of the total solar eclipse of 29 May 1919 from the Eddington and Dyson expeditions, with nearby star positions marked (Royal Society / public domain)","También la luz. Esa última idea se pudo comprobar pronto. El 29 de mayo de 1919 hubo un eclipse total de Sol, y dos expediciones británicas, una a la isla de Príncipe, frente a la costa de África, y otra a Sobral, en el norte de Brasil, fotografiaron las estrellas que se veían junto al Sol oscurecido. Las estrellas aparecían ligeramente desplazadas, justo como Einstein había predicho. Su luz, al pasar junto al Sol, se había curvado.",,,,,
03-04,3,79,03-04.jpg,"REAL: Historic photograph of the Astrophysical Observatory of Potsdam on the Telegrafenberg, early twentieth century (Leibniz-Institut für Astrophysik Potsdam / public domain)","Pero volvamos a 1915. Porque una de las primeras personas que leyó la teoría de Einstein y la entendió a fondo no estaba en una universidad. Estaba en la guerra. Karl Schwarzschild era uno de los mejores astrónomos de Alemania. Dirigía el observatorio astrofísico de Potsdam. Cuando empezó la Primera Guerra Mundial, con más de cuarenta años, se presentó voluntario. Y a finales de 1915 estaba en el frente ruso, en una unidad de artillería, calculando trayectorias de proyectiles.",,,,,
03-05,3,74,03-05.jpg,"IA: A wooden field desk inside a First World War army tent at night, an oil lamp lighting sheets of handwritten equations, an artillery range table and a pencil, snow faintly visible outside.","Allí, entre el ruido de los cañones, leyó los artículos de Einstein. Y se puso a hacer algo que el propio Einstein no había conseguido todavía: encontrar una solución exacta a sus ecuaciones. Describir con toda precisión cómo se curvan el espacio y el tiempo alrededor de una sola masa, redonda y quieta, como una estrella. Lo consiguió. Y el 22 de diciembre de 1915 le envió a Einstein una carta con su resultado.",,,,,
03-06,3,73,03-06.jpg,"IA: An old folded letter dated December 1915 on a desk beside a field-post envelope, the paper covered with neat handwritten German text and a few short equations, a pair of spectacles nearby.","En ella hay una frase que todavía se cita. Venía a decir que la guerra lo trataba con amabilidad, porque, a pesar del fuego intenso, le permitía dar ese paseo por el país de las ideas de Einstein. En enero de 1916 la presentó en la Academia Prusiana de Ciencias en nombre de Schwarzschild. En esa solución aparecía un tamaño especial. Una distancia al centro en la que las ecuaciones hacían algo extraño.",,,,,
03-07,3,95,03-07.jpg,"REAL: First page of Karl Schwarzschild's 1916 paper 'Über das Gravitationsfeld eines Massenpunktes nach der Einsteinschen Theorie' in the Sitzungsberichte of the Prussian Academy (public-domain scan, Internet Archive or Wikisource)","Era el radio que vimos con la canica: el radio de Schwarzschild. Nadie sabía todavía qué significaba. Muchos pensaron, incluido Einstein, que era una rareza matemática, algo que nunca existiría en la naturaleza. Schwarzschild no llegó a ver esa discusión. En el frente contrajo una enfermedad grave de la piel, el pénfigo. Lo enviaron a casa en marzo de 1916, y murió el 11 de mayo de ese año. Tenía cuarenta y dos años. Dejó una carta escrita desde la guerra, y una solución que, medio siglo después, describiría los objetos más oscuros del universo.",,,,,
04-01,4,74,04-01.jpg,"REAL: Hubble image of the dense core of the globular cluster Omega Centauri, thousands of blue, white and orange stars of different ages (NASA/ESA Hubble)","Por la ventana pasan las estrellas, despacio. Algunas son blancas, otras azuladas, otras anaranjadas. Cada una está en una etapa distinta de su vida. Porque las estrellas, como todo, nacen, viven y se apagan. Una estrella es un equilibrio tranquilo entre dos fuerzas. Por un lado, la gravedad, que tira de toda su materia hacia el centro y quiere aplastarla. Por otro, el calor de las reacciones nucleares del núcleo, que empuja hacia fuera.",,,,,
04-02,4,72,04-02.jpg,"REAL: James Webb Space Telescope image of the Ring Nebula, the glowing shell of gas shed by a dying Sun-like star with a white dwarf at its centre (ESA/Webb, NASA, CSA)","Mientras las dos están en equilibrio, la estrella brilla, estable, durante millones o miles de millones de años. Pero el combustible se acaba. Cuando el Sol agote el suyo, dentro de unos cinco mil millones de años, dejará en el centro una brasa pequeña y muy densa, del tamaño de la Tierra: una enana blanca, que se irá enfriando poco a poco. Las estrellas mucho más grandes tienen un final más brusco.",,,,,
04-03,4,80,04-03.jpg,"IA: Cutaway diagram of a massive star showing onion-like layers of hydrogen, helium, carbon, oxygen and silicon around a small grey iron core at the centre, each layer clearly labelled.","Una estrella que nace con más de unas veinte veces la masa del Sol vive deprisa. Quema su combustible a un ritmo enorme y, en pocos millones de años, su núcleo se llena de hierro. Y del hierro ya no se puede sacar más energía. En ese momento, el calor deja de empujar. Y la gravedad gana. El núcleo de la estrella, que puede pesar más que el Sol entero, se hunde sobre sí mismo en menos de un segundo.",,,,,
04-04,4,74,04-04.jpg,"REAL: Composite image of the Crab Nebula, the expanding remnant of the supernova seen in 1054, with its central neutron star (NASA/CXC and NASA/ESA Hubble)","A menudo las capas exteriores salen despedidas en una explosión enorme, una supernova, que durante unas semanas puede brillar más que miles de millones de estrellas juntas. Otras veces, la estrella parece hundirse casi sin ruido. Lo que queda en el centro depende de cuánta masa haya. Si no es demasiada, el colapso se detiene en una estrella de neutrones: una bola de unos veinte kilómetros de diámetro con más masa que el Sol.",,,,,
04-05,4,92,04-05.jpg,"IA: A single sugar cube on one pan of an old brass balance scale while the other pan holds a small snowy mountain, the scale tipped heavily down on the side of the sugar cube.","Su materia es tan densa que un terrón de azúcar de ella pesaría lo que una montaña. Pero si hay más masa todavía, nada puede detener el colapso. La materia se comprime por debajo de su radio de Schwarzschild. Y nace un agujero negro. Durante décadas, muchos físicos dudaron de que esto pudiera pasar de verdad. Pensaban que la naturaleza encontraría alguna forma de evitarlo. Pero en 1965 el matemático británico Roger Penrose demostró que, según la relatividad general, cuando hay suficiente materia concentrada, la formación de un agujero negro es inevitable.",,,,,
04-06,4,92,04-06.jpg,"IA: A 1960s lecture hall seen from the back, empty rows of wooden seats facing a blackboard where the words 'black hole' are written in chalk, a slide projector beam crossing the room.","Y faltaba un nombre. En 1967, en una conferencia en Nueva York, el físico estadounidense John Wheeler se quejaba precisamente de eso: de tener que repetir una y otra vez «objeto gravitacionalmente colapsado por completo». Y alguien del público le propuso: «¿Por qué no lo llama agujero negro?». Wheeler adoptó el nombre, empezó a usarlo en sus charlas y en sus artículos, y se quedó para siempre. Se calcula que solo en nuestra galaxia, la Vía Láctea, puede haber unos cien millones de agujeros negros como estos, restos de estrellas muy grandes.",,,,,
04-07,4,25,04-07.jpg,REAL: ESA Gaia all-sky map of the Milky Way built from the brightness and colour of nearly two billion stars (ESA/Gaia/DPAC),"La mayoría no los vemos. Están solos, oscuros, sin nada cerca que los delate. Pero algunos tienen compañía. Y hacia uno de ellos vamos ahora.",,,,,
05-01,5,74,05-01.jpg,REAL: Wide-field photograph of the Ophiuchus region of the Milky Way with dark dust lanes and coloured nebulae near Rho Ophiuchi (ESO or Wikimedia Commons; check licence),"Nuestro destino está en la constelación de Ofiuco, a unos mil quinientos sesenta años luz de la Tierra. La luz tarda mil quinientos sesenta años en recorrer esa distancia. Nuestra nave es imaginaria, así que no tenemos que esperar tanto. Basta con cerrar los ojos un momento. Ya estamos. Por la ventana ves una estrella amarilla, de un brillo cálido, muy parecida al Sol. Tiene más o menos su tamaño, su color, su temperatura.",,,,,
05-02,5,80,05-02.jpg,"IA: A yellow Sun-like star orbiting an invisible point in empty space, its elliptical orbit traced as a thin dotted line around a small patch where the background stars look slightly distorted.","Pero esta estrella se mueve de una forma rara. Gira alrededor de algo. Y ese algo no se ve. Allí, a una distancia algo mayor que la que separa la Tierra del Sol, hay un agujero negro. Tiene casi diez veces la masa del Sol. Y la estrella amarilla tarda unos ciento ochenta y cinco días en dar una vuelta a su alrededor. Medio año. Se llama Gaia BH1. Es el agujero negro más cercano a la Tierra que conocemos.",,,,,
05-03,5,72,05-03.jpg,REAL: ESA illustration of the Gaia spacecraft with its round sunshield in space against the Milky Way (ESA/ATG medialab),"Lo descubrió, en 2022, un equipo de astrónomos que usaba datos de la sonda europea Gaia. Gaia pasó más de diez años midiendo, con una precisión extraordinaria, la posición de casi dos mil millones de estrellas, y cómo se movían por el cielo, poco a poco. Y en sus datos apareció esta estrella amarilla, que se tambaleaba siguiendo una órbita, como alguien que baila agarrado de la mano de una pareja invisible.",,,,,
05-04,5,70,05-04.jpg,"IA: A yellow star and an empty spot circling each other like two dancers holding hands, one dancer completely invisible, faint trails tracing their shared orbit against a quiet starry background.","Es exactamente lo que propuso John Michell en 1783: buscar una estrella brillante que gira alrededor de una compañera oscura. Y aquí conviene deshacer una idea muy extendida. En las películas, los agujeros negros suelen aparecer como aspiradoras cósmicas, que lo atrapan y lo engullen todo a su alrededor. Pero mira la estrella amarilla. Gira, tranquila, en su órbita. No cae. Nada se la traga. Un agujero negro no aspira.",,,,,
05-05,5,86,05-05.jpg,"IA: Diagram of the inner solar system where the Sun has been replaced by a tiny black sphere, while Mercury, Venus, Earth and Mars continue along the same unchanged circular orbits.","Atrae, como cualquier otra masa, ni más ni menos. Imagina que, de pronto, el Sol se convirtiera en un agujero negro con su misma masa. Una esfera oscura de unos seis kilómetros, en el centro del sistema solar. ¿Qué le pasaría a la Tierra? Haría mucho frío, claro, y estaría muy oscuro, porque ya no tendríamos su luz. Pero la órbita de la Tierra no cambiaría nada. Seguiría girando a la misma distancia, a la misma velocidad, y tardaría exactamente un año en dar la vuelta.",,,,,
05-06,5,78,05-06.jpg,REAL: NASA scientific visualization of a black hole without a disc bending the light of the background starfield into arcs and rings around its shadow (NASA's Goddard Space Flight Center),"Igual que Mercurio, Júpiter, Neptuno y todos los demás. A esa distancia, la gravedad depende solo de la masa. Y la masa sería la misma. Lo que cambia en un agujero negro es lo que pasa muy cerca de él. Toda esa masa está concentrada en un espacio diminuto, y uno puede acercarse muchísimo más de lo que podría acercarse a una estrella sin chocar con ella. Es ahí, en esa cercanía, donde la gravedad se vuelve extrema.",,,,,
05-07,5,45,05-07.jpg,"REAL: ESA graphic marking the positions of the black holes Gaia BH1, BH2 and BH3 on Gaia's map of the Milky Way, April 2024 (ESA/Gaia/DPAC)","Gaia BH1 es un agujero negro dormido. Su estrella compañera está lo bastante lejos como para que no le quite materia. Por eso es tan oscuro, tan silencioso. Antes de acercarnos a él, vamos a dar un rodeo. Vamos a ver un agujero negro despierto.",,,,,
06-01,6,71,06-01.jpg,REAL: Wide-field photograph of the constellation Cygnus and the Northern Cross along the summer Milky Way (Wikimedia Commons; check licence),"La nave cambia de rumbo. Cruzamos la galaxia hacia la constelación del Cisne, a unos siete mil doscientos años luz de la Tierra. Allí hay una estrella enorme, azulada, muchas veces más grande y más pesada que el Sol. Y muy cerca de ella, tan cerca que dan una vuelta completa la una alrededor de la otra en menos de seis días, hay un agujero negro de unas veintiuna masas solares.",,,,,
06-02,6,79,06-02.jpg,"REAL: NASA Chandra illustration of Cygnus X-1, a blue supergiant star losing gas into an accretion disc around a black hole (NASA/CXC/M. Weiss)","Se llama Cygnus X-1, Cisne X-1. Fue el primer objeto que muchos astrónomos aceptaron como un agujero negro. Mira por la ventana. Esta vez sí hay algo que ver. La estrella azul está tan cerca del agujero negro que pierde gas. Un viento de materia sale de ella, y parte de ese gas cae hacia el agujero negro. Pero no cae en línea recta. Como el agua que se va por el desagüe de un lavabo, empieza a girar.",,,,,
06-03,6,90,06-03.jpg,"IA: A flat glowing disc of gas spiralling around a perfectly black centre, seen from a low angle, the inner edge white-hot and the outer edge cooler orange, against a field of stars.","Y forma un disco plano, un remolino enorme, que da vueltas y vueltas alrededor de la oscuridad. Se llama disco de acreción. En ese disco, el gas va cada vez más deprisa a medida que se acerca al centro. Roza consigo mismo, se calienta. Las zonas más interiores alcanzan millones de grados. Y a esas temperaturas el gas brilla, sobre todo, en rayos X. Esa es la paradoja de los agujeros negros: los objetos más oscuros del universo pueden estar rodeados de algunas de las luces más intensas que existen.",,,,,
06-04,6,80,06-04.jpg,REAL: Multiwavelength composite of the galaxy Centaurus A showing two huge jets and lobes streaming from its central black hole (ESO/WFI; MPIfR/ESO/APEX; NASA/CXC),"No es el agujero el que brilla. Es la materia que gira a su alrededor antes de caer. Y a veces ocurre algo más. Desde las zonas cercanas al agujero negro, en perpendicular al disco, salen dos chorros estrechos, uno por cada lado, de partículas lanzadas casi a la velocidad de la luz. Son como dos faros que apuntan en direcciones opuestas. Cygnus X-1 se descubrió en 1964, gracias a unos detectores de rayos X que viajaban en un cohete.",,,,,
06-05,6,89,06-05.jpg,"REAL: Historic photograph of an Aerobee sounding rocket launch at White Sands, New Mexico, in the 1960s, the kind used for early X-ray astronomy (NASA / U.S. Army)","En los años siguientes se descubrió que la fuente de rayos X giraba con la estrella azul, y que era demasiado pesada para ser una estrella de neutrones. Y aquí hay una historia simpática. En 1974, dos de los físicos que más sabían de agujeros negros, Stephen Hawking y Kip Thorne, hicieron una apuesta. Thorne apostó a que Cygnus X-1 era un agujero negro. Hawking apostó a que no. Lo curioso es que Hawking había dedicado buena parte de su carrera a los agujeros negros, y deseaba que existieran.",,,,,
06-06,6,87,06-06.jpg,"IA: A small framed handwritten wager note pinned on a cork board in a physics office, beside a stack of old magazines tied with string and a cup of tea, soft afternoon light.","Él mismo explicó que la apuesta era como una póliza de seguro: si al final los agujeros negros no existían, al menos ganaría la apuesta y tendría un pequeño consuelo. El premio era una suscripción a una revista. En 1990, con muchos más datos, Hawking reconoció que había perdido. Y pagó. Por la ventana, el disco brilla, gira, se arremolina. Los chorros se pierden en la oscuridad. Es un espectáculo hermoso, pero no nos acercamos más. Volvemos a nuestro agujero negro tranquilo, el de la estrella amarilla.",,,,,
07-01,7,76,07-01.jpg,"IA: View through a large round spacecraft window: a distant yellow star off to one side lighting the frame, and straight ahead a patch of the starfield where stars look subtly warped.","Estamos de nuevo junto a Gaia BH1. La estrella amarilla queda a un lado, lejos, e ilumina la nave con su luz cálida. Y delante de nosotros, la oscuridad. Vamos a acercarnos. Despacio. Al principio no ves nada. El agujero negro es demasiado pequeño, y está demasiado lejos. Solo notas algo raro en las estrellas del fondo: en una zona del cielo parecen moverse, deformarse, como si las miraras a través del fondo de un vaso.",,,,,
07-02,7,82,07-02.jpg,REAL: Hubble image of the galaxy cluster Abell 370 with long stretched arcs of distant galaxies bent by gravitational lensing (NASA/ESA Hubble),"Es la luz de esas estrellas lejanas, que se curva al pasar cerca del agujero negro. Lo mismo que vieron las expediciones de 1919 durante el eclipse, pero mucho más intenso. El agujero negro actúa como una lente. Una lente hecha de gravedad. Seguimos acercándonos. Y ahora sí aparece. Un círculo negro, perfectamente negro, en medio de las estrellas. Ese círculo es la sombra del agujero negro. Y dentro de ella está la frontera más famosa del universo: el horizonte de sucesos.",,,,,
07-03,7,73,07-03.jpg,"REAL: NASA visualization of a black hole with a thin accretion disc whose far side appears bent above and below the dark shadow, 2019 (NASA's Goddard Space Flight Center/Jeremy Schnittman)","El horizonte de sucesos no es una superficie. No hay nada sólido ahí, ni una pared, ni una membrana. Es solo un lugar, una distancia al centro. Pero es un lugar sin retorno. Fuera del horizonte, con una nave lo bastante potente, siempre puedes escapar. Dentro, no. Ni la nave más potente, ni una señal de radio, ni un rayo de luz. Todo lo que cruza el horizonte solo puede seguir hacia dentro.",,,,,
07-04,7,73,07-04.jpg,"IA: A perfectly black sphere drawn to scale beside a straight motorway that runs about fifty-seven kilometres to the horizon, small cars on the road and a simple scale bar along the bottom.","Es el radio de Schwarzschild. El tamaño de la canica, para la Tierra. Seis kilómetros de diámetro, para el Sol. Para Gaia BH1, con sus casi diez masas solares, el horizonte es una esfera de unos cincuenta y siete kilómetros de diámetro. La distancia que se recorre por una autopista en media hora. Toda la masa de casi diez soles, en ese espacio. Algo más afuera del horizonte hay otro lugar muy especial.",,,,,
07-05,7,92,07-05.jpg,"IA: Top-down diagram of a black hole: a black disc for the event horizon, a thin bright circle at one and a half times its radius for the photon sphere, and light rays curving around it.","A una vez y media el radio del horizonte, la gravedad es tan intensa que la luz puede quedarse girando en círculo alrededor del agujero negro. Se llama la esfera de fotones. Los fotones son las partículas de la luz. Es una órbita inestable. La luz no se queda ahí mucho tiempo: al menor empujón, o cae hacia dentro, o escapa hacia fuera. Pero si pudieras flotar justo en la esfera de fotones y miraras de lado, en la dirección en la que gira esa luz, en teoría verías tu propia espalda.",,,,,
07-06,7,71,07-06.jpg,"REAL: Frame from NASA's 2024 supercomputer visualization of a flight toward a supermassive black hole, the starfield and glowing disc distorted around the shadow (NASA's Goddard Space Flight Center/J. Schnittman and B. Powell)","La luz que sale de tu espalda daría la vuelta completa al agujero negro y volvería a tus ojos por delante. Cuanto más cerca, más extraño se vuelve el cielo. La luz de todo el universo exterior parece concentrarse en un círculo cada vez más pequeño, y la oscuridad ocupa una parte cada vez mayor de tu vista. El universo entero, comprimido en una ventana redonda. Pero no vamos a cruzar.",,,,,
07-07,7,32,07-07.jpg,"IA: A small rounded spacecraft hovering still at a safe distance from a perfectly black sphere, its round window glowing softly, the starfield around the sphere bent into thin curved arcs.","Ni siquiera vamos a llegar a la esfera de fotones. Detenemos la nave aquí, a una distancia prudente, flotando junto a la oscuridad. Y en este lugar vamos a hablar del tiempo.",,,,,
08-01,8,85,08-01.jpg,"REAL: Laboratory photograph of an optical atomic clock with lasers, mirrors and a vacuum chamber, such as NIST's ytterbium or strontium lattice clock (NIST)","Einstein descubrió otra cosa sobre la gravedad, quizá la más sorprendente de todas. La gravedad no solo curva el espacio. También frena el tiempo. Cuanto más intensa es la gravedad, más despacio pasa el tiempo. No es una ilusión, ni un fallo de los relojes. Es el tiempo mismo. Y no ocurre solo cerca de los agujeros negros: ocurre aquí, en la Tierra, en tu casa. Un reloj en el suelo avanza un poquito más despacio que un reloj en lo alto de una montaña.",,,,,
08-02,8,80,08-02.jpg,REAL: Official illustration of a GPS navigation satellite in orbit above the Earth (GPS.gov / U.S. government),"La diferencia es diminuta, pero los relojes atómicos modernos son tan precisos que pueden medirla con solo unos centímetros de diferencia de altura. Y lo usas todos los días sin saberlo. Los satélites de navegación, los que le dicen a tu teléfono dónde estás, giran a unos veinte mil kilómetros de altura, donde la gravedad de la Tierra es más débil. Allí arriba, sus relojes adelantan. Por otro lado, se mueven muy deprisa, y eso los hace atrasar un poco.",,,,,
08-03,8,75,08-03.jpg,"IA: A smartphone lying on a café table showing a street map where the location pin has drifted several kilometres from the real street, a small clock icon in the corner of the screen.","Sumando los dos efectos, cada reloj de los satélites gana unas treinta y ocho millonésimas de segundo al día. Parece nada. Pero si los ingenieros no lo corrigieran, los mapas de tu teléfono acumularían errores de varios kilómetros en un solo día. Cerca de un agujero negro, este efecto se vuelve enorme. En la película Interstellar, de 2014, los protagonistas bajan a un planeta que gira muy cerca de un agujero negro gigantesco, llamado Gargantúa.",,,,,
08-04,8,83,08-04.jpg,"IA: A shallow ocean on a distant planet under a dark sky dominated by a huge black hole with a bright ring of light around it, enormous slow waves rising on the far horizon.","Allí la gravedad es tan intensa que cada hora en la superficie del planeta equivale a siete años en la Tierra. Cuando vuelven a la nave, para el compañero que se había quedado esperándolos han pasado más de veinte años. El asesor científico de esa película fue Kip Thorne, el mismo de la apuesta con Hawking. La imagen de Gargantúa, con su anillo de luz que parece pasar por encima y por debajo de la sombra, se calculó a partir de sus ecuaciones.",,,,,
08-05,8,74,08-05.jpg,"IA: A small cylindrical probe with a single blinking light falling away from a spacecraft toward a black sphere, a line of evenly spaced light pulses left behind it like dotted footprints.","Ahora vamos a hacer un experimento desde nuestra nave. Soltamos una pequeña sonda, con una luz que parpadea una vez por segundo, y la dejamos caer hacia el agujero negro. Al principio la vemos alejarse con normalidad. Parpadeo. Parpadeo. Parpadeo. Pero a medida que se acerca al horizonte, algo cambia. Los parpadeos se van espaciando. Uno cada dos segundos. Uno cada diez. Uno cada minuto. Su luz, además, se vuelve más roja, más tenue.",,,,,
08-06,8,71,08-06.jpg,"IA: The same small probe close to the edge of a black sphere, now dim and deep red, its blinking light pulses spaced far apart, appearing almost frozen against the darkness.","Desde nuestra nave, la sonda parece frenarse, cada vez más lenta, como si se quedara pegada al borde. Nunca la vemos cruzar. Simplemente se apaga, roja y débil, hasta que ya no podemos distinguirla. Pero para la sonda no hay nada de eso. Si llevara un reloj a bordo, ese reloj seguiría marcando sus segundos con toda normalidad. Para ella, el cruce del horizonte sería un instante más, sin nada especial.",,,,,
08-07,8,38,08-07.jpg,"REAL: Photograph of one of the near-perfect quartz gyroscope spheres from the Gravity Probe B experiment, which tested Einstein's general relativity in orbit (NASA/Stanford University)","Y seguiría cayendo hacia dentro. Las dos cosas son ciertas a la vez. Lo que ves depende de dónde estés. Esa es, en el fondo, la gran lección de la relatividad: el tiempo no pasa igual para todos.",,,,,
09-01,9,72,09-01.jpg,"IA: A long strand of cooked spaghetti stretched vertically toward a small black sphere at the bottom of the frame, the strand thinning as it gets closer, against a dark starry background.","Nuestra nave se ha quedado a buena distancia del agujero negro. Y hay una razón para eso, además de la prudencia. Cerca de un agujero negro pequeño, como este, hay un efecto que los físicos, con su sentido del humor, llaman espaguetización. La gravedad se debilita con la distancia. Pero eso significa que, si estás cerca de algo muy pesado, la gravedad no tira igual de todas las partes de tu cuerpo.",,,,,
09-02,9,84,09-02.jpg,"REAL: Paired photographs of the same harbour at low tide and high tide in the Bay of Fundy, Canada, boats resting on the mud and then floating (Wikimedia Commons; check licence)","Tira un poco más fuerte de la parte que está más cerca, y un poco menos de la que está más lejos. En la Tierra, esa diferencia es minúscula. No notamos que nuestros pies pesen más que nuestra cabeza. Pero a gran escala ese efecto existe, y lo ves cada día: es el que produce las mareas. La Luna tira un poco más del lado de la Tierra que le queda cerca que del lado opuesto, y el océano se estira, sube y baja.",,,,,
09-03,9,72,09-03.jpg,"IA: Simple diagram of a small figure falling feet first toward a black hole, long arrows pulling at the feet and short arrows at the head, the figure stretched long and thin like a noodle.","Cerca de un agujero negro de unas pocas masas solares, esa diferencia sería enorme. Si algo cayera hacia él con los pies por delante, sus pies serían atraídos con mucha más fuerza que su cabeza. Se estiraría a lo largo y, a la vez, se estrecharía por los lados. Como un fideo. Como un espagueti. Por eso nuestra sonda imaginaria, la de la luz que parpadeaba, no habría llegado entera al horizonte.",,,,,
09-04,9,85,09-04.jpg,"REAL: ESO illustration of a star being torn apart by a supermassive black hole in a tidal disruption event, its gas stretched into a long stream (ESO/M. Kornmesser)","Y por eso nuestra nave se ha quedado lejos. Pero aquí viene algo que a mucha gente le sorprende. Con los agujeros negros más grandes ocurre lo contrario. En un agujero negro de millones de veces la masa del Sol, el horizonte está tan lejos del centro que, al cruzarlo, la diferencia entre lo que tira de tu cabeza y lo que tira de tus pies es pequeña. Un viajero podría atravesar el horizonte de un agujero negro gigante sin notar nada en ese momento.",,,,,
09-05,9,86,09-05.jpg,"IA: A small capsule calmly drifting across an invisible boundary near a gigantic black hole whose curved dark edge fills most of the view, nothing stretched, stars bent into arcs overhead.","Ni un tirón, ni una señal. Solo que ya no podría volver. El estiramiento llegaría después, mucho más adentro. ¿Y qué hay ahí dentro? ¿Qué hay en el centro de un agujero negro? La respuesta honesta es que no lo sabemos. Las ecuaciones de la relatividad general dicen que toda la materia que cae acaba concentrada en el centro, en un punto de densidad infinita, al que llaman singularidad. Pero cuando una teoría da como resultado un infinito, normalmente significa que ha llegado a su límite.",,,,,
09-06,9,93,09-06.jpg,"IA: An empty classroom blackboard covered with half-finished equations ending in a large chalk question mark, a spiral of chalk lines drawn into a black dot at its centre.","Que hace falta otra teoría, más completa, que una la gravedad con la física de lo muy pequeño, la física cuántica. Esa teoría todavía no la tenemos. Y nada de lo que pasa dentro del horizonte puede salir para contárnoslo. Es un lugar al que se puede llegar, pero del que no llega ninguna noticia. Desde la ventana, el círculo oscuro está quieto. Es hora de despedirnos de Gaia BH1 y de su estrella amarilla. Nos vamos hacia el corazón de nuestra galaxia, donde vive un agujero negro de un tamaño muy diferente.",,,,,
10-01,10,97,10-01.jpg,REAL: ESO panoramic photograph of the Milky Way's central bulge in Sagittarius with dark dust lanes across it (ESO/S. Brunier),"La Vía Láctea es un disco enorme de estrellas, gas y polvo, con unos brazos en espiral. Nosotros, el Sol y la Tierra, estamos en uno de esos brazos, más o menos a medio camino entre el centro y el borde. El centro está a unos veintiséis o veintisiete mil años luz de la Tierra, en la dirección de la constelación de Sagitario. En las noches de verano del hemisferio norte, y en las de invierno del hemisferio sur, si estás en un lugar oscuro, verás que allí la Vía Láctea es más ancha y más brillante.",,,,,
10-02,10,80,10-02.jpg,"REAL: Composite of the Galactic Centre combining Hubble near-infrared, Spitzer infrared and Chandra X-ray images (NASA/ESA/SSC/CXC/STScI)","Pero no puedes ver el centro. Hay tanto polvo por medio que la luz visible no lo atraviesa. Nuestra nave sí lo atraviesa. Y en el centro de todo hay un agujero negro de unos cuatro millones de veces la masa del Sol. Se llama Sagitario A estrella. Su horizonte mide unos veinticuatro millones de kilómetros de diámetro. Es mucho: unas diecisiete veces el diámetro del Sol. Pero, para guardar dentro la masa de cuatro millones de soles, es pequeñísimo.",,,,,
10-03,10,113,10-03.jpg,"IA: A dark sphere about seventeen metres wide standing in a grassy field at dusk, a measuring tape stretching from it across the grass to a tiny bead forty-two metres away marking Mercury.","Si volvemos a la maqueta del episodio anterior, la del Sol de un metro, Sagitario A estrella sería una esfera oscura de unos diecisiete metros. Si la pusiéramos en el lugar del Sol, quedaría entera muy por dentro de la órbita de Mercurio, que estaba a cuarenta y dos metros. ¿Cómo sabemos que está ahí, si no se ve? Por las estrellas que giran a su alrededor. Desde principios de los años noventa, dos equipos de astrónomos, uno dirigido por el alemán Reinhard Genzel y otro por la estadounidense Andrea Ghez, observaron durante décadas el centro de la galaxia con algunos de los telescopios más grandes del mundo, en Chile y en Hawái.",,,,,
10-04,10,75,10-04.jpg,"REAL: Photograph of the four Unit Telescopes of ESO's Very Large Telescope at Paranal at night, with laser guide stars beamed toward the Galactic Centre (ESO)","Usaban luz infrarroja, que sí atraviesa el polvo. Año tras año, midieron las posiciones de las estrellas que hay junto al centro. Y vieron que giraban, deprisa, alrededor de un punto vacío. Una de esas estrellas se llama S2. Tarda unos dieciséis años en dar una vuelta completa alrededor del agujero negro. Los astrónomos la han seguido durante más de una órbita entera, como quien mira dar la vuelta a la aguja de un reloj.",,,,,
10-05,10,79,10-05.jpg,"REAL: ESO diagram of the orbit of the star S2 around Sagittarius A*, with its measured positions marked over many years (ESO/GRAVITY Collaboration)","En 2018 pasó por el punto más cercano de su órbita. Estaba a unas ciento veinte veces la distancia de la Tierra al Sol: cuatro veces más lejos de lo que está Neptuno de nuestro Sol. Y se movía a unos siete mil seiscientos cincuenta kilómetros por segundo. A esa velocidad, recorrería la distancia de la Tierra a la Luna en menos de un minuto. Solo algo muy pesado y muy pequeño puede hacer girar así a una estrella.",,,,,
10-06,10,83,10-06.jpg,"REAL: Photograph of the twin domes of the W. M. Keck Observatory on the summit of Mauna Kea, Hawaii, at sunset (W. M. Keck Observatory)","Con esas órbitas se pudo calcular la masa: unos cuatro millones de soles, en un espacio tan pequeño que no puede ser otra cosa que un agujero negro. En 2020, Genzel y Ghez recibieron el Premio Nobel de Física por este descubrimiento. Compartieron el premio con Roger Penrose, el matemático que en 1965 había demostrado que los agujeros negros eran una consecuencia inevitable de la teoría de Einstein. Andrea Ghez fue la cuarta mujer de la historia en recibir el Nobel de Física.",,,,,
10-07,10,28,10-07.jpg,REAL: Chandra X-ray image of the region around Sagittarius A* at the centre of the Milky Way (NASA/CXC),"Sagitario A estrella, en todo caso, es un gigante tranquilo. Come poco. Hoy apenas brilla. Y nosotros lo vamos a dejar ahí, porque ahora vamos a escuchar algo.",,,,,
11-01,11,84,11-01.jpg,"IA: Concentric ripples spreading across the smooth surface of a calm pond at dawn after a small stone has dropped, a faint square grid reflected on the water bending with the waves.","En 1916, Einstein predijo que cuando masas muy grandes se mueven con violencia, producen ondas en el propio espacio-tiempo. Ondulaciones, como las que se forman en un estanque cuando cae una piedra, que se alejan a la velocidad de la luz, estirando y encogiendo el espacio a su paso. Pero el propio Einstein pensaba que serían tan débiles que nunca podríamos detectarlas. Hace muchísimo tiempo, a unos mil trescientos millones de años luz de aquí, dos agujeros negros giraban el uno alrededor del otro.",,,,,
11-02,11,74,11-02.jpg,REAL: Still from the SXS (Simulating eXtreme Spacetimes) computer simulation of two black holes spiralling together and distorting the background starfield (SXS Collaboration),"Uno tenía unas treinta y seis veces la masa del Sol. El otro, unas veintinueve. Cada vez estaban más cerca, cada vez giraban más deprisa, y perdían energía en forma de esas ondas. Hasta que, en una fracción de segundo, se fundieron en uno solo, de unas sesenta y dos masas solares. Si haces la cuenta, faltan tres. Tres veces la masa del Sol se convirtieron, en un instante, en energía: en ondas gravitacionales.",,,,,
11-03,11,70,11-03.jpg,"IA: A long timeline ribbon from microscopic cells in an ancient ocean through the first animals, dinosaurs and early humans, while a faint wave travels beside it across space toward a small blue Earth.","En ese instante, aquella fusión emitió más potencia que toda la luz de todas las estrellas del universo observable juntas. Esas ondas viajaron por el espacio durante mil trescientos millones de años. Cuando salieron, la vida en la Tierra era casi toda microscópica. Mientras viajaban, aparecieron los primeros animales, los dinosaurios, los primeros seres humanos. Y el 14 de septiembre de 2015, por la mañana en Europa, atravesaron la Tierra.",,,,,
11-04,11,77,11-04.jpg,"REAL: Aerial photograph of the LIGO Hanford observatory in Washington State, its two 4-km arms forming an L across the desert (Caltech/MIT/LIGO Lab)","Ese día había alguien escuchando. En Estados Unidos funcionaban dos detectores gemelos, a unos tres mil kilómetros el uno del otro: uno en el estado de Washington y otro en Luisiana. Se llaman LIGO. Cada uno tiene dos brazos en forma de ele, de cuatro kilómetros de largo, por los que viaja un rayo láser que rebota entre espejos. Cuando pasa una onda gravitacional, uno de los brazos se estira un poquito y el otro se encoge.",,,,,
11-05,11,80,11-05.jpg,"REAL: LIGO plot of the GW150914 signal recorded at Hanford and Livingston on 14 September 2015, two almost identical rising waveforms (Caltech/MIT/LIGO Lab)","Y el láser lo nota. La onda de aquel día cambió la longitud de los brazos en una distancia cientos de veces más pequeña que un protón, una de las partículas del núcleo de un átomo. La señal llegó primero a Luisiana y, siete milésimas de segundo después, a Washington. Duró apenas una quinta parte de un segundo. Si se convierte en sonido, se oye como un pequeño silbido que sube de tono, como el gorjeo corto de un pájaro.",,,,,
11-06,11,81,11-06.jpg,REAL: Aerial photograph of the LIGO Livingston observatory in Louisiana with its long arms running through the surrounding pine forest (Caltech/MIT/LIGO Lab),"Los científicos lo llaman chirp. Es el sonido de dos agujeros negros que se funden en uno. Fue la primera detección directa de ondas gravitacionales. Se anunció en febrero de 2016. Y en 2017, tres de los impulsores de LIGO, Rainer Weiss, Barry Barish y Kip Thorne, recibieron el Premio Nobel de Física. En este descubrimiento participó también un grupo de España: el de Relatividad y Gravitación de la Universitat de les Illes Balears, en Palma, con la física Alicia Sintes.",,,,,
11-07,11,74,11-07.jpg,"REAL: Aerial photograph of the Virgo gravitational-wave detector at Cascina near Pisa, Italy, with its two 3-km arms (EGO/Virgo Collaboration)","Era el único grupo español dentro de la colaboración LIGO. Entre otras cosas, ayudaron a construir los modelos teóricos de cómo debía sonar una fusión de agujeros negros: los patrones con los que se reconoce la señal entre el ruido. Y en Italia, cerca de Pisa, está Virgo, un detector europeo parecido, con brazos de tres kilómetros. Desde 2017 escucha junto a LIGO. Desde aquella primera señal, los detectores han registrado cientos de fusiones.",,,,,
11-08,11,51,11-08.jpg,"IA: Two glowing spheres merging into one larger sphere, a translucent outline drawn around each one and around the result, the final outline clearly larger than the two before combined.","Y en enero de 2025 llegó la señal más clara de todas. Tan nítida que permitió comprobar una idea que Stephen Hawking había propuesto en 1971: que cuando dos agujeros negros se funden, el área total de sus horizontes nunca disminuye. Solo puede crecer. La señal confirmó que Hawking tenía razón.",,,,,
12-01,12,70,12-01.jpg,"IA: The Earth seen from space with a thin luminous circle drawn around it like the rim of a giant dish, and far off in the dark a tiny bright ring barely visible.","Durante casi un siglo, nadie había visto la forma de un agujero negro. Solo sus efectos. El problema es el tamaño. Incluso los agujeros negros más grandes están tan lejos que, vistos desde la Tierra, son diminutos. Para verlos haría falta un telescopio del tamaño de la Tierra entera. Y eso es, más o menos, lo que se construyó. Se llama Event Horizon Telescope, el Telescopio del Horizonte de Sucesos.",,,,,
12-02,12,79,12-02.jpg,REAL: World map of the Event Horizon Telescope array showing the telescope sites that observed in April 2017 (ESO / EHT Collaboration),"No es un solo telescopio, sino una red de radiotelescopios repartidos por el planeta que, en abril de 2017, observaron a la vez, coordinados con relojes atómicos. Al combinar sus datos, funcionaron como si fueran una única antena del tamaño de la Tierra. Eran ocho telescopios, en seis lugares: en Hawái y en Arizona, en el desierto de Atacama en Chile, en el Polo Sur, en lo alto de un volcán apagado de México, en Puebla, y en España.",,,,,
12-03,12,78,12-03.jpg,"REAL: Photograph of the IRAM 30-metre radio telescope on Pico Veleta in the Sierra Nevada, Granada, with snow on the ground (IRAM; check licence)","El telescopio español está en Sierra Nevada, en Granada, en el Pico Veleta, a casi tres mil metros de altura. Es una gran antena de treinta metros de diámetro, del instituto franco-germano-español IRAM. En aquellas noches de abril apuntó al cielo junto a los demás. Y en el equipo científico había investigadores del Instituto de Astrofísica de Andalucía, en Granada. Uno de ellos, José Luis Gómez, desarrolló uno de los métodos que se usaron para reconstruir la imagen.",,,,,
12-04,12,77,12-04.jpg,"REAL: Photograph of racks of VLBI data recorders and stacked hard-drive modules used by the Event Horizon Telescope, without people (EHT Collaboration / MIT Haystack Observatory)","Los datos eran tantos que no se podían enviar por internet. Se grabaron en cientos de discos duros, casi media tonelada, y se llevaron en avión hasta los centros de procesamiento. El 10 de abril de 2019 se presentó al mundo la primera imagen de un agujero negro. Es un anillo anaranjado, borroso, más brillante por abajo, alrededor de un centro oscuro. El anillo es gas muy caliente que gira, con su luz curvada por la gravedad.",,,,,
12-05,12,77,12-05.jpg,"REAL: EHT image of the M87* black hole shadow, a bright orange ring around a dark centre, released 10 April 2019 (EHT Collaboration)","El centro oscuro es la sombra. Lo que se había predicho en una pizarra, ahí, en una imagen. Ese agujero negro está en el centro de una galaxia gigante llamada M87, a unos cincuenta y cinco millones de años luz. Tiene unos seis mil quinientos millones de veces la masa del Sol. Su horizonte es inmenso. En la maqueta del episodio anterior, con el Sol de un metro, sería una esfera de casi catorce kilómetros de radio.",,,,,
12-06,12,71,12-06.jpg,REAL: Hubble image of the giant elliptical galaxy M87 with its blue jet extending thousands of light-years from the core (NASA/ESA Hubble Heritage Team),"Dentro cabrían todos los planetas, y Plutón, que estaba a poco más de cuatro kilómetros. Solo la Voyager 1, a dieciocho kilómetros y medio, quedaría fuera. Y de M87 sale uno de esos chorros de los que hablábamos, tan largo que ya se veía con los telescopios de hace más de un siglo: en 1918, el astrónomo Heber Curtis anotó un «curioso rayo recto» que salía del centro de la galaxia.",,,,,
12-07,12,73,12-07.jpg,"REAL: EHT image of Sagittarius A*, the black hole at the centre of the Milky Way, released 12 May 2022 (EHT Collaboration)","Tres años después de aquella primera imagen, el 12 de mayo de 2022, la misma colaboración presentó la de nuestro propio agujero negro, Sagitario A estrella. Otro anillo alrededor de una sombra. Fue más difícil de obtener, porque es más pequeño y el gas a su alrededor cambia en cuestión de minutos. Visto desde la Tierra, su tamaño en el cielo es como el de una rosquilla sobre la superficie de la Luna.",,,,,
12-08,12,39,12-08.jpg,"REAL: Side-by-side comparison of the EHT images of M87* and Sagittarius A* shown with their relative sizes, 2022 (EHT Collaboration)","Dos imágenes de dos sombras. Una a cincuenta y cinco millones de años luz. La otra, casi en casa, en el centro de nuestra propia galaxia. Las dos con la forma que Einstein y Schwarzschild nunca llegaron a ver.",,,,,
13-01,13,83,13-01.jpg,"REAL: ESA graphic of Gaia BH3 in the constellation Aquila, showing the wobbling orbit of its companion star around the unseen black hole, April 2024 (ESA/Gaia/DPAC)","Volvemos hacia casa. Y por el camino pasamos cerca de otro vecino. En la constelación del Águila, a unos mil novecientos años luz de la Tierra, hay una estrella vieja que gira alrededor de algo invisible cada once años y medio. Ese algo es un agujero negro de unas treinta y tres veces la masa del Sol. Se llama Gaia BH3. Se anunció en abril de 2024, y es el agujero negro nacido de una estrella más pesado que conocemos en nuestra galaxia.",,,,,
13-02,13,76,13-02.jpg,"REAL: Photograph of the main control room at ESA's European Space Operations Centre in Darmstadt, where Gaia was operated until March 2025 (ESA)","Lo encontró, otra vez, la sonda Gaia. Gaia se apagó en marzo de 2025, después de más de diez años de trabajo. Pero sus datos siguen dando sorpresas. Mientras pasamos junto a él, una última idea. Durante mucho tiempo se pensó que un agujero negro era para siempre. Que lo que entra no sale, y que, por tanto, un agujero negro nunca puede hacerse más pequeño. En 1974, Stephen Hawking demostró que no es exactamente así.",,,,,
13-03,13,75,13-03.jpg,"IA: A dark sphere in empty space surrounded by an extremely faint glow, like the last warmth of a dying ember, with tiny specks of light drifting slowly away from just outside its edge.","Combinando la relatividad de Einstein con la física cuántica, Hawking calculó que los agujeros negros no son del todo negros. Emiten una radiación muy débil desde las cercanías del horizonte. Un brillo tenue, casi imperceptible, como el calor de una brasa que se apaga. Hoy se llama radiación de Hawking. Y significa que los agujeros negros pierden energía, muy, muy despacio. Que se van haciendo más pequeños. Y que, al final, podrían desaparecer por completo.",,,,,
13-04,13,89,13-04.jpg,"IA: A long white paper ribbon unrolling into the distance with a 1 followed by sixty-seven zeros printed along it, and beside its very first digit a tiny dot marking the age of the universe.","Pero ese «despacio» es difícil de imaginar. El universo tiene unos trece mil ochocientos millones de años. Un agujero negro con la masa del Sol tardaría en evaporarse algo así como un uno seguido de sesenta y siete ceros años. Es un número tan grande que la edad del universo, a su lado, es mucho menos que un parpadeo. Y cuanto más grande es el agujero negro, más tarda. Los gigantes como Sagitario A estrella o M87 seguirán ahí muchísimo después de que se haya apagado la última estrella.",,,,,
13-05,13,78,13-05.jpg,"IA: A small rounded spacecraft turning gently away from an old faint star and its invisible companion, beginning the journey home through a quiet field of stars, its round window softly lit.","Esa radiación, además, es tan débil que nadie ha podido medirla. Es una predicción teórica, muy respetada, que todavía espera su confirmación. Así que los agujeros negros no son pozos eternos. Son, a su manera, como todo lo demás: nacen, crecen y algún día, en un futuro inimaginablemente lejano, se apagan. Muy despacio. Sin prisa. Ahora, poco a poco, vamos a volver. La nave da la vuelta. Dejamos atrás la estrella vieja del Águila y su compañero oscuro.",,,,,
13-06,13,74,13-06.jpg,"REAL: Astronaut photograph of a city at night from the International Space Station, its streets glowing orange in a grid beneath thin clouds (NASA)","Más atrás quedan la estrella amarilla de Ofiuco, girando tranquila alrededor de Gaia BH1. El remolino brillante de Cygnus X-1. El centro de la galaxia, con S2 dando su vuelta de dieciséis años. Y por la ventana empieza a crecer una estrella amarilla, corriente. El Sol. Pasamos junto a Neptuno, junto a Júpiter, junto a Marte. Y aparece, azul y blanca, la Tierra. La nave baja despacio, sin ruido. Las luces de la ciudad.",,,,,
13-07,13,90,13-07.jpg,"IA: A glass marble resting on a windowsill at night, a quiet street below, a few stars in the sky and a curtain moving slightly in the breeze, the room behind it softly dark.","Tu calle. Tu ventana. En el alféizar sigue la canica, donde la dejaste. Una bolita de cristal de dos centímetros, que no pesa casi nada. Ahí fuera, muy lejos, los agujeros negros siguen en su sitio. No aspiran nada. No amenazan a nadie. Curvan la luz de las estrellas, y cerca de sus bordes el tiempo pasa más despacio que aquí. Aquí, en cambio, el tiempo pasa a su ritmo de siempre. La Tierra gira. La noche avanza. No hay nada que hacer. Nada que recordar. Solo descansar. Buenas noches.",,,,,
