canal,serie,tema,demanda,saturacion,estado,titulo_publicado,fecha_fija
historia,roma,El emperador que vino de Hispania: un día en la Roma de Trajano,10000,alta,escrito,Roma de Trajano,
historia,al-andalus,Córdoba en tiempos de Almanzor: un día del año 1000,12000,media,escrito,Almanzor,
historia,mar,La vida a bordo de un galeón español,35000,baja,pendiente,,
historia,edad-media,¿Cómo era un día completo en la Castilla medieval?,63000,media,pendiente,,
historia,america,Lo que vieron los españoles: Tenochtitlan en 1519,12000,alta,pendiente,,
historia,egipto,Egipto contado por los obreros de las pirámides,44000,media,pendiente,,
historia,america,Los caminos del Imperio inca: chasquis y Qhapaq Ñan,9000,media,pendiente,,
historia,vikingos,Los vikingos en la Península: Sevilla 844,7000,alta,pendiente,,
historia,mitos,Los mitos griegos de Hispania: Gerión y las Hespérides,378000,alta,pendiente,,
historia,mar,Corsarios y piratas en las noches del Atlántico,35000,media,pendiente,,
historia,al-andalus,Medina Azahara: la ciudad brillante del califa,12000,media,pendiente,,
historia,roma,Un día en Itálica: la ciudad del emperador,10000,media,pendiente,,
ciencia,escala,¿Qué tan grande es realmente el sistema solar? (Sol de 1 metro),398000,media,escrito,sistema solar,
ciencia,agujeros-negros,¿Qué pasaría si la Tierra se convirtiera en un agujero negro?,43000,alta,escrito,agujero negro,
ciencia,luna,La Luna de Apolo a Artemis II desde Robledo y Fresnedillas,182000,media,pendiente,,
ciencia,marte,Un día viviendo en Marte,27000,baja,pendiente,,
ciencia,sondas,Voyager 1: 49 años hasta un día-luz,143000,alta,pendiente,,2026-11-12
ciencia,estrellas,La vida del Sol: de nebulosa a enana blanca,54000,baja,pendiente,,
ciencia,escala,¿Qué tan grande es el universo?,92000,media,pendiente,,
ciencia,historia-cielo,La estrella de Belén: el cometa del año 5 a. C.,661,media,pendiente,,2026-12-03
ciencia,oceanos,¿Hay vida bajo el hielo? Europa Encélado y Titán,105000,baja,pendiente,,
ciencia,escala,Si el Sol midiera un metro ¿dónde estaría la estrella más cercana?,277000,media,pendiente,,
ciencia,telescopios,Del Roque de los Muchachos al James Webb,0,media,pendiente,,
